,Unnamed: 0,LineText,Intersection_Words,Intersection_count,Head_tail,Relations
0,1,from fairest creatures we desire increase ,increase|desire,2,"('desire', 'increase')","['sweet', 'solid', 'strong', 'murky', 'weak', 'heavy', 'soft', 'warm', 'bright', 'smooth']"
1,6,feed st thy light s flame with self substantial fuel ,feed|light,2,"('feed', 'light')","['soft', 'murky', 'cold', 'weak', 'rough', 'solid', 'bitter', 'shallow', 'clear', 'strong']"
2,9,thou that art now the world s fresh ornament ,art|world,2,"('art', 'world')","['heavy', 'strong', 'icy', 'clear', 'bitter', 'weak', 'bright', 'smooth', 'murky', 'clean']"
3,25,if thou couldst answer  this fair child of mine,answer|child,2,"('answer', 'child')","['shallow', 'rough', 'strong', 'cold', 'bright', 'warm', 'clear', 'murky', 'weak', 'clean']"
4,29,    and see thy blood warm when thou feel st it cold ,cold|feel|blood,3,,
5,32,now is the time that face should form another ,form|time,2,"('time', 'form')","['strong', 'solid', 'heavy', 'heated', 'warm', 'dim', 'clear', 'weak', 'bright', 'bitter']"
6,34,thou dost beguile the world  unbless some mother ,mother|world,2,"('world', 'mother')","['rough', 'warm', 'brilliant', 'shallow', 'strong', 'cold', 'bitter', 'murky', 'heavy', 'bright']"
7,39,thou art thy mother s glass and she in thee,art|mother,2,"('art', 'mother')","['bitter', 'heavy', 'strong', 'bright', 'clear', 'murky', 'icy', 'rough', 'shallow', 'weak']"
8,92,lifts up his burning head  each under eye,head|eye,2,"('head', 'eye')","['dense', 'rough', 'solid', 'soft', 'murky', 'bitter', 'bright', 'warm', 'strong', 'brilliant']"
9,116,resembling sire and child and happy mother ,mother|child,2,"('child', 'mother')","['clear', 'bitter', 'heavy', 'brilliant', 'strong', 'weak', 'clean', 'shallow', 'warm', 'rough']"
10,128,by children s eyes  her husband s shape in mind ,mind|shape,2,"('shape', 'mind')","['strong', 'heavy', 'murky', 'bright', 'bitter', 'warm', 'clear', 'brilliant', 'rough', 'cold']"
11,129,look  what an unthrift in the world doth spend,look|world,2,"('look', 'world')","['bitter', 'clear', 'bright', 'brilliant', 'strong', 'clean', 'murky', 'heavy', 'rough', 'weak']"
12,144,o  change thy thought  that i may change my mind ,mind|change,2,"('change', 'mind')","['clear', 'rough', 'soft', 'brilliant', 'cold', 'shallow', 'strong', 'bitter', 'weak', 'warm']"
13,154,thou mayst call thine when thou from youth convertest ,call|youth,2,"('call', 'youth')","['cold', 'warm', 'bright', 'shallow', 'brilliant', 'soft', 'murky', 'rough', 'heavy', 'strong']"
14,166,when i do count the clock that tells the time ,count|time,2,"('count', 'time')","['strong', 'clear', 'weak', 'brilliant', 'bright', 'clean', 'murky', 'shallow', 'warm', 'soft']"
15,167,and see the brave day sunk in hideous night ,night|day,2,"('day', 'night')","['smooth', 'icy', 'fat', 'mad', 'weak', 'clear', 'clean', 'solid', 'bright', 'strong']"
16,178,    and nothing  gainst time s scythe can make defence,defence|time,2,"('time', 'defence')","['heavy', 'strong', 'bright', 'clear', 'bitter', 'warm', 'clean', 'heated', 'soft', 'brilliant']"
17,188,when your sweet issue your sweet form should bear ,issue|form,2,"('issue', 'form')","['strong', 'solid', 'murky', 'brilliant', 'heavy', 'clear', 'bright', 'dim', 'weak', 'warm']"
18,189,who lets so fair a house fall to decay ,house|fall,2,"('house', 'fall')","['clean', 'rough', 'bright', 'soft', 'strong', 'warm', 'cold', 'murky', 'weak', 'smooth']"
19,192,and barren rage of death s eternal cold ,death|cold,2,"('death', 'cold')","['clear', 'shallow', 'bitter', 'heavy', 'heated', 'brilliant', 'soft', 'rough', 'solid', 'bright']"
20,201,pointing to each his thunder  rain and wind ,wind|rain,2,"('rain', 'wind')","['rough', 'icy', 'clear', 'sweet', 'bitter', 'brilliant', 'cold', 'heated', 'clean', 'weak']"
21,205,and constant stars in them i read such art,art|read,2,"('read', 'art')","['awesome', 'cold', 'brilliant', 'clear', 'warm', 'sweet', 'shallow', 'weak', 'deep', 'clean']"
22,222,to change your day of youth to sullied night ,night|day|change|youth,4,,
23,223,    and all in war with time for love of you ,love|time,2,"('time', 'love')","['soft', 'strong', 'shallow', 'solid', 'bright', 'clean', 'clear', 'weak', 'murky', 'heavy']"
24,230,now stand you on the top of happy hours ,top|stand,2,"('stand', 'top')","['smooth', 'clean', 'weak', 'murky', 'deep', 'strong', 'icy', 'mad', 'clear', 'shallow']"
25,235,which this  time s pencil  or my pupil pen ,pupil|time,2,"('time', 'pupil')","['clear', 'heavy', 'strong', 'clean', 'heated', 'shallow', 'warm', 'soft', 'weak', 'solid']"
26,251,and your true rights be term d a poet s rage,poet|term,2,"('term', 'poet')","['brilliant', 'clear', 'rough', 'solid', 'clean', 'cold', 'heavy', 'warm', 'shallow', 'bitter']"
27,253,    but were some child of yours alive that time ,time|child,2,"('child', 'time')","['rough', 'murky', 'brilliant', 'weak', 'clear', 'bitter', 'deep', 'strong', 'soft', 'cold']"
28,263,by chance  or nature s changing course untrimm d ,nature|course|chance,3,,
29,266,nor shall death brag thou wander st in his shade ,death|shade,2,"('death', 'shade')","['strong', 'shallow', 'clear', 'rough', 'weak', 'heavy', 'clean', 'bitter', 'solid', 'deep']"
30,274,and burn the long liv d phoenix  in her blood ,blood|burn,2,"('burn', 'blood')","['weak', 'murky', 'strong', 'fat', 'rough', 'clear', 'cold', 'heavy', 'bright', 'deep']"
31,286,a woman s face with nature s own hand painted ,woman|nature|hand,3,,
32,288,a woman s gentle heart  but not acquainted,woman|heart,2,"('woman', 'heart')","['rough', 'brilliant', 'strong', 'weak', 'solid', 'murky', 'cold', 'bitter', 'clear', 'bright']"
33,306,with sun and moon  with earth and sea s rich gems ,sun|sea,2,"('sun', 'sea')","['solid', 'fat', 'icy', 'sweet', 'heated', 'shallow', 'smooth', 'cold', 'warm', 'soft']"
34,311,as any mother s child  though not so bright,mother|child,2,"('mother', 'child')","['cold', 'soft', 'strong', 'weak', 'rough', 'bright', 'murky', 'warm', 'shallow', 'icy']"
35,312,as those gold candles fix d in heaven s air ,air|gold,2,"('gold', 'air')","['shiny', 'murky', 'sweet', 'shallow', 'cold', 'smooth', 'strong', 'bright', 'heavy', 'clear']"
36,314,    i will not praise that purpose not to sell ,sell|purpose,2,"('purpose', 'sell')","['cold', 'murky', 'weak', 'clear', 'strong', 'sweet', 'rough', 'bright', 'bitter', 'brilliant']"
37,319,then look i death my days should expiate ,death|look,2,"('look', 'death')","['murky', 'icy', 'bitter', 'brilliant', 'rough', 'weak', 'smooth', 'strong', 'clean', 'clear']"
38,331,as an unperfect actor on the stage ,stage|actor,2,"('actor', 'stage')","['brilliant', 'cold', 'bright', 'rough', 'fat', 'solid', 'bitter', 'murky', 'shallow', 'clear']"
39,334,whose strength s abundance weakens his own heart ,heart|strength,2,"('strength', 'heart')","['rough', 'brilliant', 'weak', 'murky', 'cold', 'bright', 'shallow', 'solid', 'bitter', 'clear']"
40,337,and in mine own love s strength seem to decay ,love|strength,2,"('love', 'strength')","['bitter', 'deep', 'clear', 'heavy', 'weak', 'brilliant', 'strong', 'clean', 'heated', 'cold']"
41,341,who plead for love  and look for recompense ,love|look,2,"('love', 'look')","['bitter', 'shallow', 'clear', 'weak', 'heavy', 'brilliant', 'deep', 'cold', 'heated', 'strong']"
42,343,    o  learn to read what silent love hath writ ,love|read,2,"('read', 'love')","['sweet', 'rough', 'strong', 'warm', 'cold', 'murky', 'clear', 'shallow', 'weak', 'solid']"
43,344,    to hear with eyes belongs to love s fine wit ,love|fine,2,"('love', 'fine')","['dim', 'bitter', 'heavy', 'solid', 'cold', 'weak', 'clear', 'shallow', 'murky', 'brilliant']"
44,346,mine eye hath play d the painter and hath stell d ,play|eye|painter,3,,
45,347,thy beauty s form in table of my heart ,table|form|heart,3,,
46,348,my body is the frame wherein  tis held ,body|frame,2,"('body', 'frame')","['solid', 'rough', 'heavy', 'weak', 'murky', 'brilliant', 'strong', 'warm', 'cold', 'shallow']"
47,349,and perspective it is best painter s art ,art|painter,2,"('painter', 'art')","['murky', 'brilliant', 'rough', 'solid', 'weak', 'smooth', 'cold', 'clear', 'strong', 'clean']"
48,350,for through the painter must you see his skill ,skill|painter,2,"('painter', 'skill')","['heavy', 'clear', 'strong', 'murky', 'brilliant', 'weak', 'solid', 'bitter', 'rough', 'clean']"
49,356,are windows to my breast  where through the sun,breast|sun,2,"('breast', 'sun')","['bright', 'bitter', 'clear', 'brilliant', 'heated', 'weak', 'shallow', 'clean', 'murky', 'strong']"
50,366,but as the marigold at the sun s eye ,eye|sun,2,"('sun', 'eye')","['rough', 'bitter', 'solid', 'fat', 'shallow', 'warm', 'strong', 'heavy', 'soft', 'weak']"
51,394,to work my mind  when body s work s expired ,mind|body,2,"('mind', 'body')","['smooth', 'clear', 'icy', 'strong', 'heavy', 'brilliant', 'shallow', 'bitter', 'weak', 'bright']"
52,400,presents thy shadow to my sightless view ,shadow|view,2,"('shadow', 'view')","['soft', 'strong', 'cold', 'solid', 'warm', 'brilliant', 'weak', 'rough', 'murky', 'shallow']"
53,403,    lo  thus  by day my limbs  by night my mind ,night|mind|day,3,,
54,408,when day s oppression is not eas d by night ,night|day,2,"('day', 'night')","['smooth', 'icy', 'fat', 'mad', 'weak', 'clear', 'clean', 'solid', 'bright', 'strong']"
55,409,but day by night and night by day oppress d ,night|day,2,"('day', 'night')","['smooth', 'icy', 'fat', 'mad', 'weak', 'clear', 'clean', 'solid', 'bright', 'strong']"
56,414,i tell the day  to please him thou art bright ,art|day,2,"('day', 'art')","['awesome', 'clean', 'warm', 'clear', 'brilliant', 'strong', 'shallow', 'weak', 'rough', 'murky']"
57,431,like to the lark at break of day arising,day|break,2,"('break', 'day')","['rough', 'cold', 'brilliant', 'soft', 'shallow', 'weak', 'bitter', 'bright', 'murky', 'solid']"
58,440,then can i drown an eye  unused to flow ,eye|flow,2,"('eye', 'flow')","['smooth', 'brilliant', 'sweet', 'bright', 'weak', 'clear', 'soft', 'strong', 'murky', 'rough']"
59,441,for precious friends hid in death s dateless night ,night|death,2,"('death', 'night')","['smooth', 'soft', 'bright', 'weak', 'strong', 'solid', 'warm', 'murky', 'clean', 'clear']"
60,456,hath dear religious love stol n from mine eye ,love|eye,2,"('love', 'eye')","['bitter', 'deep', 'strong', 'clear', 'solid', 'shallow', 'weak', 'rough', 'warm', 'brilliant']"
61,459,thou art the grave where buried love doth live ,art|love,2,"('art', 'love')","['murky', 'rough', 'heavy', 'bright', 'strong', 'smooth', 'fat', 'icy', 'weak', 'mad']"
62,467,when that churl death my bones with dust shall cover,cover|dust|death,3,,
63,470,compare them with the bett ring of the time ,ring|time,2,"('ring', 'time')","['rough', 'solid', 'brilliant', 'clear', 'cold', 'bright', 'murky', 'shallow', 'weak', 'strong']"
64,479,    theirs for their style i ll read  his for his love  ,style|love|read,3,,
65,482,flatter the mountain tops with sovereign eye ,eye|mountain,2,"('mountain', 'eye')","['warm', 'bright', 'clean', 'shallow', 'heavy', 'solid', 'brilliant', 'soft', 'bitter', 'strong']"
66,489,even so my sun one early morn did shine ,shine|sun,2,"('sun', 'shine')","['cold', 'rough', 'clear', 'warm', 'weak', 'shallow', 'smooth', 'solid', 'strong', 'icy']"
67,492,the region cloud hath mask d him from me now ,cloud|region,2,"('region', 'cloud')","['smooth', 'weak', 'strong', 'brilliant', 'soft', 'clear', 'rough', 'clean', 'bitter', 'heavy']"
68,494,    suns of the world may stain when heaven s sun staineth ,sun|world,2,"('sun', 'world')","['icy', 'clear', 'heavy', 'shallow', 'warm', 'soft', 'sweet', 'smooth', 'bitter', 'weak']"
69,500, tis not enough that through the cloud thou break ,cloud|break,2,"('cloud', 'break')","['clear', 'strong', 'solid', 'clean', 'brilliant', 'warm', 'sweet', 'heavy', 'bitter', 'bright']"
70,520,thy adverse party is thy advocate ,party|advocate,2,"('party', 'advocate')","['brilliant', 'cold', 'weak', 'shallow', 'strong', 'warm', 'clear', 'rough', 'murky', 'clean']"
71,532,which though it alter not love s sole effect ,love|effect,2,"('love', 'effect')","['bitter', 'cold', 'brilliant', 'solid', 'clear', 'rough', 'murky', 'weak', 'heated', 'strong']"
72,542,to see his active child do deeds of youth ,youth|child,2,"('child', 'youth')","['warm', 'cold', 'brilliant', 'shallow', 'rough', 'bitter', 'heavy', 'strong', 'murky', 'clear']"
73,576,and our dear love lose name of single one ,love|name,2,"('love', 'name')","['bitter', 'brilliant', 'dim', 'weak', 'cold', 'clean', 'heavy', 'murky', 'solid', 'heated']"
74,581,to entertain the time with thoughts of love ,love|time,2,"('time', 'love')","['soft', 'strong', 'shallow', 'solid', 'bright', 'clean', 'clear', 'weak', 'murky', 'heavy']"
75,588,no love  my love  that thou mayst true love call ,love|call,2,"('love', 'call')","['bitter', 'heated', 'clear', 'brilliant', 'weak', 'shallow', 'clean', 'strong', 'solid', 'deep']"
76,591,i cannot blame thee  for my love thou usest ,love|blame,2,"('blame', 'love')","['bright', 'strong', 'soft', 'rough', 'murky', 'clean', 'mad', 'smooth', 'clear', 'weak']"
77,604,for still temptation follows where thou art ,art|temptation,2,"('temptation', 'art')","['brilliant', 'weak', 'murky', 'soft', 'rough', 'clear', 'shallow', 'smooth', 'cold', 'clean']"
78,612,where thou art forced to break a twofold truth ,art|truth|break,3,,
79,619,a loss in love that touches me more nearly ,loss|love,2,"('loss', 'love')","['strong', 'soft', 'rough', 'mad', 'weak', 'fat', 'bright', 'warm', 'murky', 'clear']"
80,623,suffering my friend for my sake to approve her ,suffering|friend,2,"('suffering', 'friend')","['strong', 'clear', 'warm', 'bright', 'weak', 'heated', 'brilliant', 'shallow', 'bitter', 'cold']"
81,624,if i lose thee  my loss is my love s gain ,loss|love|gain,3,,
82,625,and losing her  my friend hath found that loss ,loss|friend,2,"('friend', 'loss')","['dim', 'brilliant', 'clean', 'heavy', 'smooth', 'rough', 'solid', 'weak', 'shallow', 'strong']"
83,632,for all the day they view things unrespected ,day|view,2,"('day', 'view')","['strong', 'warm', 'clean', 'solid', 'rough', 'heated', 'shallow', 'heavy', 'weak', 'bright']"
84,636,how would thy shadow s form form happy show,shadow|form,2,"('shadow', 'form')","['warm', 'solid', 'strong', 'cold', 'heated', 'clear', 'soft', 'rough', 'clean', 'brilliant']"
85,637,to the clear day with thy much clearer light ,day|light,2,"('day', 'light')","['strong', 'clean', 'rough', 'clear', 'weak', 'murky', 'warm', 'brilliant', 'soft', 'solid']"
86,640,by looking on thee in the living day ,living|day,2,"('living', 'day')","['cold', 'warm', 'soft', 'shallow', 'weak', 'brilliant', 'smooth', 'deep', 'strong', 'bright']"
87,641,when in dead night thy fair imperfect shade,night|shade,2,"('night', 'shade')","['bitter', 'strong', 'rough', 'cold', 'sweet', 'clear', 'clean', 'shallow', 'heavy', 'dim']"
88,650,no matter then although my foot did stand,matter|stand|foot,3,,
89,661,the other two  slight air  and purging fire,air|fire,2,"('air', 'fire')","['strong', 'clear', 'bitter', 'solid', 'rough', 'heavy', 'clean', 'weak', 'brilliant', 'murky']"
90,666,in tender embassy of love to thee ,love|embassy,2,"('embassy', 'love')","['smooth', 'murky', 'strong', 'rough', 'bright', 'weak', 'solid', 'icy', 'heavy', 'brilliant']"
91,676,mine eye and heart are at a mortal war ,eye|heart,2,"('eye', 'heart')","['rough', 'brilliant', 'clear', 'weak', 'strong', 'heavy', 'mad', 'smooth', 'cold', 'murky']"
92,678,mine eye my heart thy picture s sight would bar ,picture|eye|heart,3,,
93,679,my heart mine eye the freedom of that right ,freedom|eye|heart,3,,
94,680,my heart doth plead that thou in him dost lie ,heart|lie,2,"('heart', 'lie')","['soft', 'warm', 'murky', 'brilliant', 'icy', 'bright', 'clear', 'strong', 'bitter', 'heavy']"
95,687,the clear eye s moiety  and the dear heart s part ,eye|heart,2,"('eye', 'heart')","['rough', 'brilliant', 'clear', 'weak', 'strong', 'heavy', 'mad', 'smooth', 'cold', 'murky']"
96,689,    and my heart s right  thy inward love of heart ,love|heart,2,"('heart', 'love')","['icy', 'warm', 'strong', 'bright', 'clean', 'murky', 'rough', 'weak', 'shallow', 'soft']"
97,691,betwixt mine eye and heart a league is took ,eye|heart,2,"('eye', 'heart')","['rough', 'brilliant', 'clear', 'weak', 'strong', 'heavy', 'mad', 'smooth', 'cold', 'murky']"
98,693,when that mine eye is famish d for a look ,look|eye,2,"('eye', 'look')","['soft', 'cold', 'sweet', 'brilliant', 'smooth', 'heavy', 'heated', 'weak', 'strong', 'murky']"
99,694,or heart in love with sighs himself doth smother ,love|heart,2,"('heart', 'love')","['icy', 'warm', 'strong', 'bright', 'clean', 'murky', 'rough', 'weak', 'shallow', 'soft']"
100,695,with my love s picture then my eye doth feast ,love|eye|picture,3,,
101,697,another time mine eye is my heart s guest ,eye|heart|time,3,,
102,698,and in his thoughts of love doth share a part ,love|share,2,"('love', 'share')","['bitter', 'weak', 'clear', 'brilliant', 'deep', 'cold', 'strong', 'murky', 'clean', 'solid']"
103,699,so  either by thy picture or my love ,love|picture,2,"('picture', 'love')","['sweet', 'bright', 'strong', 'soft', 'rough', 'solid', 'murky', 'brilliant', 'clear', 'warm']"
104,704,    awakes my heart  to heart s and eye s delight ,eye|heart,2,"('heart', 'eye')","['bright', 'warm', 'shallow', 'solid', 'clean', 'strong', 'bitter', 'soft', 'murky', 'weak']"
105,715,save where thou art not  though i feel thou art ,art|feel,2,"('art', 'feel')","['rough', 'strong', 'icy', 'heavy', 'heated', 'solid', 'sour', 'smooth', 'clear', 'brilliant']"
106,716,within the gentle closure of my breast ,breast|closure,2,"('closure', 'breast')","['smooth', 'warm', 'icy', 'strong', 'soft', 'solid', 'weak', 'murky', 'rough', 'brilliant']"
107,723,when as thy love hath cast his utmost sum ,love|cast,2,"('love', 'cast')","['bitter', 'weak', 'clear', 'cold', 'deep', 'shallow', 'warm', 'sweet', 'strong', 'heavy']"
108,726,and scarcely greet me with that sun  thine eye ,eye|sun,2,"('sun', 'eye')","['rough', 'bitter', 'solid', 'fat', 'shallow', 'warm', 'strong', 'heavy', 'soft', 'weak']"
109,759,then can no horse with my desire keep pace ,desire|horse,2,"('horse', 'desire')","['brilliant', 'weak', 'clear', 'murky', 'shallow', 'bright', 'rough', 'strong', 'heated', 'cold']"
110,760,therefore desire  of perfect st love being made ,love|desire,2,"('desire', 'love')","['sweet', 'shallow', 'warm', 'weak', 'rough', 'smooth', 'strong', 'soft', 'bright', 'murky']"
111,814,than unswept stone  besmear d with sluttish time ,stone|time,2,"('stone', 'time')","['rough', 'brilliant', 'solid', 'cold', 'shallow', 'warm', 'mad', 'clear', 'strong', 'soft']"
112,817,nor mars his sword  nor war s quick fire shall burn,fire|burn,2,"('fire', 'burn')","['clean', 'brilliant', 'cold', 'shallow', 'warm', 'deep', 'bright', 'rough', 'soft', 'murky']"
113,826,sweet love  renew thy force  be it not said,love|force,2,"('love', 'force')","['bitter', 'clear', 'cold', 'shallow', 'deep', 'brilliant', 'clean', 'heavy', 'heated', 'warm']"
114,827,thy edge should blunter be than appetite ,appetite|edge,2,"('edge', 'appetite')","['bitter', 'icy', 'brilliant', 'clear', 'deep', 'cold', 'heavy', 'solid', 'bright', 'clean']"
115,830,so  love  be thou  although to day thou fill,love|day,2,"('love', 'day')","['bitter', 'brilliant', 'cold', 'deep', 'rough', 'clear', 'weak', 'murky', 'solid', 'heavy']"
116,833,the spirit of love  with a perpetual dulness ,love|spirit,2,"('spirit', 'love')","['deep', 'strong', 'soft', 'rough', 'weak', 'murky', 'bright', 'shallow', 'warm', 'clear']"
117,837,return of love  more blest may be the view ,love|return|view,3,,
118,838,    or call it winter  which being full of care ,call|care,2,"('call', 'care')","['icy', 'bright', 'brilliant', 'murky', 'clean', 'weak', 'warm', 'heavy', 'smooth', 'rough']"
119,858,or at your hand the account of hours to crave ,account|hand,2,"('hand', 'account')","['smooth', 'shallow', 'warm', 'deep', 'weak', 'soft', 'clean', 'strong', 'rough', 'cold']"
120,877,show me your image in some antique book ,book|image,2,"('image', 'book')","['strong', 'clear', 'weak', 'solid', 'shallow', 'rough', 'warm', 'heavy', 'murky', 'soft']"
121,878,since mind at first in character was done ,mind|character,2,"('mind', 'character')","['heavy', 'clear', 'brilliant', 'clean', 'rough', 'murky', 'strong', 'bitter', 'heated', 'dim']"
122,893,and time that gave doth now his gift confound ,gift|time,2,"('time', 'gift')","['strong', 'heated', 'weak', 'solid', 'soft', 'clear', 'heavy', 'brilliant', 'bitter', 'clean']"
123,894,time doth transfix the flourish set on youth,time|youth,2,"('time', 'youth')","['warm', 'heavy', 'solid', 'strong', 'shallow', 'cold', 'clear', 'brilliant', 'clean', 'bitter']"
124,896,feeds on the rarities of nature s truth ,nature|truth,2,"('nature', 'truth')","['sweet', 'brilliant', 'strong', 'shallow', 'clear', 'soft', 'rough', 'cold', 'bitter', 'weak']"
125,910,it is my love that keeps mine eye awake ,love|eye,2,"('love', 'eye')","['bitter', 'deep', 'strong', 'clear', 'solid', 'shallow', 'weak', 'rough', 'warm', 'brilliant']"
126,911,mine own true love that doth my rest defeat ,love|defeat,2,"('love', 'defeat')","['bitter', 'brilliant', 'clear', 'heavy', 'solid', 'deep', 'cold', 'strong', 'smooth', 'warm']"
127,916,sin of self love possesseth all mine eye,love|eye,2,"('love', 'eye')","['bitter', 'deep', 'strong', 'clear', 'solid', 'shallow', 'weak', 'rough', 'warm', 'brilliant']"
128,921,no shape so true  no truth of such account ,account|truth|shape,3,,
129,926,mine own self love quite contrary i read ,love|read,2,"('love', 'read')","['bitter', 'heated', 'brilliant', 'clean', 'bright', 'weak', 'shallow', 'clear', 'strong', 'heavy']"
130,932,with time s injurious hand crush d and o erworn ,hand|time,2,"('time', 'hand')","['strong', 'heavy', 'solid', 'bitter', 'clean', 'clear', 'brilliant', 'bright', 'heated', 'weak']"
131,942,my sweet love s beauty  though my lover s life ,love|life,2,"('love', 'life')","['bitter', 'weak', 'brilliant', 'rough', 'murky', 'strong', 'warm', 'solid', 'cold', 'heavy']"
132,946,when i have seen by time s fell hand defac d,hand|time,2,"('time', 'hand')","['strong', 'heavy', 'solid', 'bitter', 'clean', 'clear', 'brilliant', 'bright', 'heated', 'weak']"
133,952,and the firm soil win of the watery main ,win|soil,2,"('soil', 'win')","['brilliant', 'strong', 'bright', 'murky', 'rough', 'weak', 'bitter', 'shallow', 'soft', 'solid']"
134,957,that time will come and take my love away ,love|time,2,"('time', 'love')","['soft', 'strong', 'shallow', 'solid', 'bright', 'clean', 'clear', 'weak', 'murky', 'heavy']"
135,961,since brass  nor stone  nor earth  nor boundless sea ,stone|sea,2,"('stone', 'sea')","['solid', 'strong', 'heated', 'brilliant', 'cold', 'bitter', 'shallow', 'warm', 'clear', 'weak']"
136,964,whose action is no stronger than a flower ,flower|action,2,"('action', 'flower')","['murky', 'solid', 'cold', 'warm', 'weak', 'icy', 'clean', 'brilliant', 'strong', 'heavy']"
137,968,nor gates of steel so strong but time decays ,steel|time,2,"('steel', 'time')","['rough', 'brilliant', 'murky', 'weak', 'clear', 'cold', 'deep', 'bitter', 'shallow', 'clean']"
138,970,shall time s best jewel from time s chest lie hid ,time|lie,2,"('time', 'lie')","['soft', 'strong', 'bright', 'clear', 'weak', 'heavy', 'brilliant', 'bitter', 'murky', 'shallow']"
139,971,or what strong hand can hold his swift foot back ,hand|foot,2,"('hand', 'foot')","['shallow', 'rough', 'murky', 'weak', 'clean', 'smooth', 'icy', 'deep', 'warm', 'brilliant']"
140,974,    that in black ink my love may still shine bright ,love|shine,2,"('love', 'shine')","['bitter', 'clear', 'cold', 'brilliant', 'solid', 'weak', 'clean', 'shallow', 'rough', 'strong']"
141,976,tired with all these  for restful death i cry ,death|cry,2,"('death', 'cry')","['strong', 'bright', 'rough', 'shallow', 'cold', 'bitter', 'weak', 'clear', 'murky', 'heated']"
142,984,and art made tongue tied by authority ,art|authority,2,"('art', 'authority')","['soft', 'heavy', 'bright', 'rough', 'strong', 'brilliant', 'warm', 'sweet', 'fat', 'shallow']"
143,986,and simple truth miscall d simplicity ,simplicity|truth,2,"('truth', 'simplicity')","['murky', 'bright', 'warm', 'soft', 'solid', 'clear', 'heavy', 'heated', 'cold', 'sweet']"
144,996,and steel dead seeming of his living hue ,living|steel,2,"('steel', 'living')","['bitter', 'rough', 'clear', 'heavy', 'strong', 'murky', 'shallow', 'brilliant', 'deep', 'bright']"
145,998,roses of shadow  since his rose is true ,shadow|rose,2,"('rose', 'shadow')","['mad', 'weak', 'rough', 'shallow', 'murky', 'warm', 'sweet', 'clean', 'heavy', 'icy']"
146,1012,to live a second life on second head ,head|life,2,"('life', 'head')","['sweet', 'heavy', 'shallow', 'clear', 'clean', 'bitter', 'weak', 'strong', 'brilliant', 'cold']"
147,1018,    and him as for a map doth nature store ,map|nature,2,"('map', 'nature')","['cold', 'smooth', 'brilliant', 'mad', 'bitter', 'fat', 'icy', 'strong', 'weak', 'clear']"
148,1021,those parts of thee that the world s eye doth view,eye|view|world,3,,
149,1029,they look into the beauty of thy mind ,mind|look,2,"('look', 'mind')","['rough', 'brilliant', 'bitter', 'murky', 'strong', 'cold', 'clean', 'deep', 'bright', 'solid']"
150,1055,nay  if you read this line  remember not,read|line,2,"('read', 'line')","['cold', 'murky', 'rough', 'sweet', 'warm', 'strong', 'brilliant', 'weak', 'clear', 'heavy']"
151,1056,the hand that writ it  for i love you so ,love|hand,2,"('hand', 'love')","['smooth', 'rough', 'warm', 'soft', 'strong', 'bright', 'icy', 'weak', 'shallow', 'murky']"
152,1062,but let your love even with my life decay ,love|life,2,"('love', 'life')","['bitter', 'weak', 'brilliant', 'rough', 'murky', 'strong', 'warm', 'solid', 'cold', 'heavy']"
153,1063,    lest the wise world should look into your moan ,look|world,2,"('world', 'look')","['soft', 'rough', 'shallow', 'cold', 'warm', 'strong', 'weak', 'brilliant', 'smooth', 'solid']"
154,1066,o  lest the world should task you to recite,task|world,2,"('world', 'task')","['cold', 'soft', 'warm', 'rough', 'brilliant', 'shallow', 'murky', 'clear', 'strong', 'weak']"
155,1068,after my death  dear love  forget me quite ,death|love,2,"('death', 'love')","['soft', 'rough', 'clear', 'strong', 'warm', 'shallow', 'bright', 'fat', 'cold', 'solid']"
156,1076,my name be buried where my body is ,name|body,2,"('name', 'body')","['clear', 'icy', 'smooth', 'shallow', 'strong', 'deep', 'bitter', 'warm', 'brilliant', 'clean']"
157,1090,that on the ashes of his youth doth lie ,youth|lie,2,"('youth', 'lie')","['soft', 'clear', 'brilliant', 'strong', 'weak', 'bitter', 'murky', 'bright', 'rough', 'clean']"
158,1091,as the death bed  whereon it must expire ,death|bed,2,"('death', 'bed')","['heavy', 'rough', 'bitter', 'shallow', 'strong', 'clear', 'brilliant', 'clean', 'soft', 'bright']"
159,1098,my life hath in this line some interest ,life|line,2,"('life', 'line')","['strong', 'weak', 'clear', 'heavy', 'clean', 'sweet', 'brilliant', 'bitter', 'warm', 'murky']"
160,1111,so are you to my thoughts as food to life ,life|food,2,"('food', 'life')","['warm', 'cold', 'bright', 'heavy', 'brilliant', 'rough', 'icy', 'shallow', 'strong', 'clean']"
161,1132,that every word doth almost tell my name ,name|word,2,"('word', 'name')","['cold', 'dim', 'strong', 'murky', 'rough', 'bitter', 'solid', 'weak', 'warm', 'sweet']"
162,1135,and you and love are still my argument ,love|argument,2,"('love', 'argument')","['bitter', 'brilliant', 'clear', 'shallow', 'weak', 'cold', 'soft', 'clean', 'murky', 'strong']"
163,1148,time s thievish progress to eternity ,progress|time,2,"('time', 'progress')","['strong', 'heated', 'clear', 'heavy', 'bitter', 'weak', 'murky', 'bright', 'soft', 'cold']"
164,1154,    shall profit thee and much enrich thy book ,book|profit,2,"('profit', 'book')","['clean', 'weak', 'solid', 'strong', 'heavy', 'shallow', 'clear', 'warm', 'fat', 'rough']"
165,1168,    but thou art all my art  and dost advance,art|advance,2,"('art', 'advance')","['icy', 'heavy', 'murky', 'bright', 'bitter', 'clear', 'rough', 'shallow', 'strong', 'sweet']"
166,1175,i grant  sweet love  thy lovely argument,love|argument,2,"('love', 'argument')","['bitter', 'brilliant', 'clear', 'shallow', 'weak', 'cold', 'soft', 'clean', 'murky', 'strong']"
167,1187,knowing a better spirit doth use your name ,name|spirit,2,"('spirit', 'name')","['deep', 'murky', 'dim', 'rough', 'weak', 'bitter', 'brilliant', 'clear', 'heavy', 'strong']"
168,1205,your name from hence immortal life shall have ,life|name,2,"('name', 'life')","['rough', 'weak', 'strong', 'shallow', 'bright', 'clear', 'warm', 'soft', 'brilliant', 'murky']"
169,1219,of their fair subject  blessing every book ,book|subject,2,"('subject', 'book')","['weak', 'murky', 'clean', 'strong', 'solid', 'shallow', 'bright', 'rough', 'clear', 'soft']"
170,1220,thou art as fair in knowledge as in hue ,art|knowledge,2,"('art', 'knowledge')","['strong', 'sweet', 'heavy', 'solid', 'rough', 'bright', 'shallow', 'icy', 'weak', 'warm']"
171,1221,finding thy worth a limit past my praise ,limit|past,2,"('limit', 'past')","['strong', 'murky', 'cold', 'bright', 'warm', 'icy', 'sweet', 'solid', 'brilliant', 'heavy']"
172,1223,some fresher stamp of the time bettering days ,stamp|time,2,"('stamp', 'time')","['rough', 'mad', 'brilliant', 'bright', 'soft', 'murky', 'warm', 'clean', 'cold', 'shallow']"
173,1234,that barren tender of a poet s debt ,poet|debt,2,"('poet', 'debt')","['strong', 'weak', 'bright', 'murky', 'shallow', 'deep', 'rough', 'clean', 'cold', 'soft']"
174,1242,when others would give life  and bring a tomb ,tomb|life,2,"('life', 'tomb')","['clean', 'strong', 'weak', 'cold', 'bitter', 'clear', 'deep', 'soft', 'smooth', 'shallow']"
175,1326,to set a form upon desired change ,form|change,2,"('form', 'change')","['soft', 'murky', 'rough', 'bright', 'icy', 'weak', 'clean', 'strong', 'cold', 'bitter']"
176,1339,and do not drop in for an after loss ,loss|drop,2,"('drop', 'loss')","['bright', 'clear', 'dim', 'brilliant', 'cold', 'solid', 'heavy', 'murky', 'shallow', 'bitter']"
177,1352,some in their wealth  some in their body s force ,force|body,2,"('body', 'force')","['soft', 'rough', 'sweet', 'shallow', 'warm', 'cold', 'clear', 'bitter', 'solid', 'clean']"
178,1367,for term of life thou art assured mine ,art|life|term,3,,
179,1368,and life no longer than thy love will stay ,love|life,2,"('life', 'love')","['clear', 'sweet', 'soft', 'strong', 'bright', 'shallow', 'clean', 'weak', 'rough', 'warm']"
180,1375,since that my life on thy revolt doth lie ,life|lie,2,"('life', 'lie')","['soft', 'clear', 'brilliant', 'bright', 'strong', 'bitter', 'shallow', 'clean', 'sweet', 'solid']"
181,1387,in many s looks  the false heart s history,history|heart,2,"('heart', 'history')","['warm', 'icy', 'heavy', 'bright', 'strong', 'clean', 'brilliant', 'heated', 'murky', 'shallow']"
182,1399,unmoved  cold  and to temptation slow ,cold|temptation,2,"('cold', 'temptation')","['sweet', 'cold', 'strong', 'warm', 'shallow', 'rough', 'soft', 'brilliant', 'weak', 'clear']"
183,1413,doth spot the beauty of thy budding name ,spot|name,2,"('spot', 'name')","['dim', 'bitter', 'clear', 'shallow', 'brilliant', 'rough', 'murky', 'cold', 'bright', 'weak']"
184,1424,    the hardest knife ill us d doth lose his edge ,knife|edge,2,"('knife', 'edge')","['soft', 'rough', 'brilliant', 'clear', 'strong', 'shallow', 'murky', 'weak', 'clean', 'warm']"
185,1427,some say thy grace is youth and gentle sport ,youth|sport,2,"('youth', 'sport')","['clean', 'clear', 'strong', 'weak', 'mad', 'deep', 'bitter', 'brilliant', 'solid', 'heavy']"
186,1458,hath put a spirit of youth in every thing ,spirit|youth,2,"('spirit', 'youth')","['deep', 'cold', 'warm', 'murky', 'shallow', 'rough', 'weak', 'brilliant', 'clear', 'heavy']"
187,1469,    as with your shadow i with these did play ,shadow|play,2,"('shadow', 'play')","['soft', 'clean', 'cold', 'strong', 'warm', 'clear', 'shallow', 'heated', 'sweet', 'brilliant']"
188,1478,one blushing shame  another white despair ,despair|white,2,"('white', 'despair')","['cold', 'shallow', 'warm', 'bitter', 'strong', 'deep', 'heavy', 'bright', 'icy', 'clear']"
189,1489,darkening thy power to lend base subjects light ,light|power,2,"('power', 'light')","['rough', 'murky', 'clear', 'bitter', 'weak', 'cold', 'solid', 'strong', 'brilliant', 'shallow']"
190,1493,and gives thy pen both skill and argument ,skill|argument,2,"('skill', 'argument')","['soft', 'bright', 'murky', 'cold', 'rough', 'brilliant', 'weak', 'mad', 'shallow', 'solid']"
191,1494,rise  resty muse  my love s sweet face survey ,love|rise|survey,3,,
192,1498,    give my love fame faster than time wastes life ,love|life|time,3,,
193,1503,both truth and beauty on my love depends ,love|truth,2,"('truth', 'love')","['murky', 'bright', 'rough', 'clear', 'weak', 'strong', 'warm', 'solid', 'shallow', 'mad']"
194,1520,our love was new  and then but in the spring ,love|spring,2,"('love', 'spring')","['bitter', 'bright', 'murky', 'brilliant', 'clear', 'warm', 'cold', 'heated', 'strong', 'weak']"
195,1561,let not my love be call d idolatry ,love|call,2,"('love', 'call')","['bitter', 'heated', 'clear', 'brilliant', 'weak', 'shallow', 'clean', 'strong', 'solid', 'deep']"
196,1565,kind is my love to day  to morrow kind ,love|day,2,"('love', 'day')","['bitter', 'brilliant', 'cold', 'deep', 'rough', 'clear', 'weak', 'murky', 'solid', 'heavy']"
197,1581,of hand  of foot  of lip  of eye  of brow ,eye|hand|foot,3,,
198,1593,can yet the lease of my true love control ,love|control,2,"('love', 'control')","['bitter', 'brilliant', 'heated', 'cold', 'shallow', 'clean', 'clear', 'weak', 'rough', 'deep']"
199,1600,my love looks fresh  and death to me subscribes ,death|love,2,"('love', 'death')","['bitter', 'icy', 'brilliant', 'smooth', 'murky', 'weak', 'deep', 'strong', 'clear', 'solid']"
200,1606,what s in the brain  that ink may character ,character|brain,2,"('brain', 'character')","['murky', 'clean', 'warm', 'rough', 'bitter', 'clear', 'heated', 'solid', 'brilliant', 'strong']"
201,1619,    where time and outward form would show it dead ,form|time,2,"('time', 'form')","['strong', 'solid', 'heavy', 'heated', 'warm', 'dim', 'clear', 'weak', 'bright', 'bitter']"
202,1624,as from my soul which in thy breast doth lie ,breast|lie,2,"('breast', 'lie')","['soft', 'clear', 'brilliant', 'bitter', 'murky', 'rough', 'bright', 'strong', 'shallow', 'clean']"
203,1625,that is my home of love  if i have rang d ,love|home,2,"('home', 'love')","['rough', 'strong', 'soft', 'icy', 'murky', 'weak', 'clean', 'warm', 'mad', 'bright']"
204,1634,    save thou  my rose  in it thou art my all ,art|rose,2,"('rose', 'art')","['awesome', 'rough', 'murky', 'warm', 'clean', 'deep', 'weak', 'smooth', 'shallow', 'brilliant']"
205,1640,most true it is  that i have look d on truth,look|truth,2,"('look', 'truth')","['brilliant', 'bitter', 'strong', 'rough', 'cold', 'clean', 'heavy', 'clear', 'heated', 'bright']"
206,1642,these blenches gave my heart another youth ,heart|youth,2,"('heart', 'youth')","['warm', 'cold', 'shallow', 'heavy', 'bright', 'brilliant', 'icy', 'solid', 'strong', 'murky']"
207,1646,on newer proof  to try an older friend ,proof|try|friend,3,,
208,1659,whilst  like a willing patient  i will drink ,drink|patient,2,"('patient', 'drink')","['clear', 'strong', 'weak', 'bitter', 'heavy', 'murky', 'solid', 'rough', 'brilliant', 'shallow']"
209,1666,your love and pity doth the impression fill ,impression|love,2,"('love', 'impression')","['bitter', 'brilliant', 'clear', 'heavy', 'heated', 'weak', 'strong', 'solid', 'clean', 'deep']"
210,1673,that my steel d sense or changes right or wrong ,sense|steel,2,"('steel', 'sense')","['rough', 'brilliant', 'bright', 'soft', 'icy', 'bitter', 'shallow', 'clear', 'mad', 'cold']"
211,1681,since i left you  mine eye is in my mind ,mind|eye,2,"('eye', 'mind')","['cold', 'clear', 'brilliant', 'weak', 'murky', 'smooth', 'deep', 'rough', 'strong', 'heavy']"
212,1685,for it no form delivers to the heart,form|heart,2,"('form', 'heart')","['soft', 'rough', 'smooth', 'weak', 'bitter', 'brilliant', 'clear', 'cold', 'murky', 'strong']"
213,1686,of bird  of flower  or shape which it doth latch ,flower|shape,2,"('flower', 'shape')","['dim', 'soft', 'wild', 'mad', 'shallow', 'rough', 'clear', 'bright', 'weak', 'brilliant']"
214,1691,the mountain or the sea  the day or night ,night|day|sea|mountain,4,,
215,1734,love s not time s fool  though rosy lips and cheeks,love|time,2,"('love', 'time')","['bitter', 'rough', 'brilliant', 'cold', 'weak', 'warm', 'deep', 'murky', 'clear', 'shallow']"
216,1743,forgot upon your dearest love to call ,love|call,2,"('love', 'call')","['bitter', 'heated', 'clear', 'brilliant', 'weak', 'shallow', 'clean', 'strong', 'solid', 'deep']"
217,1744,whereto all bonds do tie me day by day ,tie|day,2,"('tie', 'day')","['murky', 'rough', 'weak', 'solid', 'bitter', 'strong', 'shallow', 'cold', 'clear', 'warm']"
218,1764,thus policy in love  to anticipate,love|policy,2,"('policy', 'love')","['bright', 'soft', 'strong', 'clear', 'weak', 'rough', 'shallow', 'clean', 'icy', 'murky']"
219,1816,thy gift  thy tables  are within my brain,gift|brain,2,"('gift', 'brain')","['sweet', 'shallow', 'heavy', 'strong', 'dim', 'warm', 'soft', 'brilliant', 'bright', 'clear']"
220,1820,or  at the least  so long as brain and heart,heart|brain,2,"('brain', 'heart')","['murky', 'rough', 'weak', 'soft', 'bright', 'strong', 'clear', 'solid', 'mad', 'brilliant']"
221,1825,nor need i tallies thy dear love to score ,love|score,2,"('love', 'score')","['bitter', 'solid', 'brilliant', 'clear', 'weak', 'murky', 'strong', 'heavy', 'cold', 'clean']"
222,1831,no  time  thou shalt not boast that i do change ,change|time,2,"('time', 'change')","['strong', 'heated', 'bright', 'clean', 'warm', 'solid', 'cold', 'weak', 'bitter', 'shallow']"
223,1846,if my dear love were but the child of state ,love|child,2,"('love', 'child')","['bitter', 'brilliant', 'cold', 'shallow', 'weak', 'heavy', 'clear', 'warm', 'murky', 'rough']"
224,1848,as subject to time s love or to time s hate ,love|subject|time,3,,
225,1858,    to this i witness call the fools of time ,call|time,2,"('call', 'time')","['rough', 'murky', 'bright', 'cold', 'icy', 'soft', 'shallow', 'brilliant', 'deep', 'warm']"
226,1871,which is not mix d with seconds  knows no art ,art|mix,2,"('mix', 'art')","['icy', 'murky', 'awesome', 'brilliant', 'bitter', 'warm', 'weak', 'shallow', 'solid', 'deep']"
227,1876,o thou  my lovely boy  who in thy power,boy|power,2,"('boy', 'power')","['bright', 'shallow', 'soft', 'cold', 'warm', 'strong', 'heavy', 'clear', 'brilliant', 'smooth']"
228,1882,she keeps thee to this purpose  that her skill,skill|purpose,2,"('purpose', 'skill')","['heated', 'murky', 'heavy', 'sweet', 'strong', 'clear', 'weak', 'bitter', 'brilliant', 'sour']"
229,1895,for since each hand hath put on nature s power ,nature|hand|power,3,,
230,1906,how oft when thou  my music  music play st ,play|music,2,"('music', 'play')","['clear', 'smooth', 'heavy', 'bitter', 'sweet', 'shallow', 'clean', 'strong', 'bright', 'weak']"
231,1926,past reason hunted  and no sooner had ,reason|past,2,"('past', 'reason')","['bitter', 'murky', 'rough', 'solid', 'strong', 'bright', 'icy', 'brilliant', 'weak', 'heated']"
232,1927,past reason hated  as a swallow d bait ,reason|past,2,"('past', 'reason')","['bitter', 'murky', 'rough', 'solid', 'strong', 'bright', 'icy', 'brilliant', 'weak', 'heated']"
233,1945,that music hath a far more pleasing sound ,sound|music,2,"('music', 'sound')","['clear', 'heavy', 'shallow', 'murky', 'strong', 'bitter', 'brilliant', 'rough', 'bright', 'clean']"
234,1956,thy face hath not the power to make love groan ,love|power,2,"('power', 'love')","['rough', 'strong', 'weak', 'murky', 'bright', 'clear', 'solid', 'soft', 'mad', 'shallow']"
235,1970,and truly not the morning sun of heaven,sun|morning,2,"('morning', 'sun')","['bright', 'strong', 'clear', 'brilliant', 'rough', 'weak', 'heavy', 'clean', 'warm', 'shallow']"
236,1989,prison my heart in thy steel bosom s ward ,heart|steel,2,"('heart', 'steel')","['solid', 'warm', 'strong', 'brilliant', 'shallow', 'heavy', 'cold', 'weak', 'clean', 'bright']"
237,1990,but then my friend s heart let my poor heart bail ,heart|friend,2,"('friend', 'heart')","['brilliant', 'rough', 'strong', 'weak', 'cold', 'solid', 'clear', 'soft', 'clean', 'bitter']"
238,2019,the sea  all water  yet receives rain still ,water|sea|rain,3,,
239,2038,    make but my name thy love  and love that still ,love|name,2,"('name', 'love')","['strong', 'mad', 'soft', 'warm', 'bright', 'shallow', 'rough', 'clear', 'weak', 'murky']"
240,2049,why should my heart think that a several plot ,plot|heart,2,"('heart', 'plot')","['heavy', 'icy', 'strong', 'brilliant', 'bitter', 'murky', 'bright', 'warm', 'solid', 'clean']"
241,2050,which my heart knows the wide world s common place ,heart|world,2,"('heart', 'world')","['icy', 'warm', 'heavy', 'clear', 'bright', 'shallow', 'heated', 'brilliant', 'bitter', 'clean']"
242,2056,when my love swears that she is made of truth ,love|truth,2,"('love', 'truth')","['bitter', 'brilliant', 'deep', 'cold', 'heavy', 'weak', 'strong', 'clear', 'clean', 'soft']"
243,2066,o  love s best habit is in seeming trust ,love|habit,2,"('love', 'habit')","['bitter', 'clean', 'brilliant', 'weak', 'strong', 'warm', 'solid', 'cold', 'murky', 'clear']"
244,2074,use power with power  and slay me not by art ,art|power,2,"('power', 'art')","['awesome', 'murky', 'clean', 'weak', 'brilliant', 'solid', 'clear', 'bitter', 'shallow', 'rough']"
245,2076,dear heart  forbear to glance thine eye aside ,eye|heart,2,"('heart', 'eye')","['bright', 'warm', 'shallow', 'solid', 'clean', 'strong', 'bitter', 'soft', 'murky', 'weak']"
246,2086,be wise as thou art cruel  do not press,art|press,2,"('art', 'press')","['heavy', 'icy', 'bright', 'solid', 'murky', 'strong', 'smooth', 'clear', 'bitter', 'warm']"
247,2089,the manner of my pity wanting pain ,manner|pain,2,"('manner', 'pain')","['solid', 'rough', 'weak', 'heated', 'clear', 'bright', 'murky', 'smooth', 'shallow', 'strong']"
248,2093,no news but health from their physicians know ,health|news,2,"('news', 'health')","['bright', 'solid', 'rough', 'cold', 'weak', 'heavy', 'strong', 'clear', 'shallow', 'heated']"
249,2101,in faith i do not love thee with mine eyes ,love|faith,2,"('faith', 'love')","['smooth', 'soft', 'icy', 'weak', 'strong', 'bright', 'mad', 'rough', 'murky', 'warm']"
250,2110,dissuade one foolish heart from serving thee ,heart|serving,2,"('heart', 'serving')","['warm', 'cold', 'icy', 'shallow', 'clean', 'solid', 'strong', 'heavy', 'bright', 'soft']"
251,2113,    only my plague thus far i count my gain ,gain|count,2,"('count', 'gain')","['sweet', 'clean', 'bitter', 'clear', 'strong', 'murky', 'smooth', 'warm', 'solid', 'shallow']"
252,2126,root pity in thy heart  that  when it grows ,root|heart,2,"('root', 'heart')","['clear', 'strong', 'brilliant', 'murky', 'bright', 'weak', 'rough', 'clean', 'bitter', 'soft']"
253,2136,cries to catch her whose busy care is bent,care|catch,2,"('catch', 'care')","['murky', 'brilliant', 'clean', 'weak', 'warm', 'heavy', 'heated', 'icy', 'bitter', 'smooth']"
254,2142,and play the mother s part  kiss me  be kind ,play|mother,2,"('play', 'mother')","['rough', 'brilliant', 'heavy', 'murky', 'bitter', 'weak', 'strong', 'bright', 'clear', 'dim']"
255,2149,the worser spirit a woman colour d ill ,woman|spirit,2,"('spirit', 'woman')","['deep', 'clear', 'icy', 'weak', 'soft', 'shallow', 'strong', 'heated', 'clean', 'murky']"
256,2161,those lips that love s own hand did make ,love|hand,2,"('love', 'hand')","['bitter', 'brilliant', 'heavy', 'clear', 'murky', 'strong', 'clean', 'solid', 'weak', 'rough']"
257,2183,eat up thy charge  is this thy body s end ,charge|body,2,"('charge', 'body')","['shallow', 'clear', 'icy', 'cold', 'rough', 'fat', 'deep', 'sweet', 'bright', 'smooth']"
258,2188,    so shall thou feed on death  that feeds on men ,death|feed,2,"('feed', 'death')","['icy', 'weak', 'murky', 'solid', 'clean', 'strong', 'smooth', 'soft', 'bright', 'bitter']"
259,2195,my reason  the physician to my love ,love|reason,2,"('reason', 'love')","['clear', 'deep', 'soft', 'strong', 'shallow', 'rough', 'weak', 'clean', 'warm', 'bright']"
260,2198,desire is death  which physic did except ,death|desire,2,"('desire', 'death')","['icy', 'sweet', 'murky', 'weak', 'solid', 'smooth', 'bright', 'strong', 'soft', 'clean']"
261,2199,past cure i am  now reason is past care ,reason|past|care,3,,
262,2204,    who art as black as hell  as dark as night ,art|night,2,"('art', 'night')","['icy', 'heavy', 'murky', 'smooth', 'strong', 'weak', 'soft', 'bright', 'solid', 'clear']"
263,2206,o me  what eyes hath love put in my head ,head|love,2,"('love', 'head')","['bitter', 'heavy', 'brilliant', 'shallow', 'weak', 'clear', 'cold', 'bright', 'warm', 'murky']"
264,2213,love s eye is not so true as all men s  no ,love|eye,2,"('love', 'eye')","['bitter', 'deep', 'strong', 'clear', 'solid', 'shallow', 'weak', 'rough', 'warm', 'brilliant']"
265,2214,how can it  o  how can love s eye be true ,love|eye,2,"('love', 'eye')","['bitter', 'deep', 'strong', 'clear', 'solid', 'shallow', 'weak', 'rough', 'warm', 'brilliant']"
266,2225,who hateth thee that i do call my friend ,call|friend,2,"('call', 'friend')","['bright', 'warm', 'icy', 'murky', 'deep', 'shallow', 'sweet', 'soft', 'brilliant', 'cold']"
267,2233,    but  love  hate on  for now i know thy mind ,love|mind,2,"('love', 'mind')","['bitter', 'cold', 'clear', 'deep', 'brilliant', 'weak', 'warm', 'murky', 'rough', 'solid']"
268,2242,there is such strength and warrantise of skill ,skill|strength,2,"('strength', 'skill')","['clear', 'heavy', 'brilliant', 'shallow', 'clean', 'bitter', 'warm', 'weak', 'strong', 'solid']"
269,2251,love is too young to know what conscience is ,love|conscience,2,"('love', 'conscience')","['bitter', 'clear', 'brilliant', 'deep', 'heavy', 'weak', 'heated', 'murky', 'cold', 'strong']"
270,2252,yet who knows not conscience is born of love ,love|conscience,2,"('conscience', 'love')","['icy', 'bright', 'smooth', 'rough', 'shallow', 'soft', 'mad', 'strong', 'warm', 'solid']"
271,2258,triumph in love  flesh stays no farther reason ,love|reason,2,"('love', 'reason')","['bitter', 'solid', 'brilliant', 'cold', 'murky', 'strong', 'clean', 'heavy', 'heated', 'warm']"
272,2262,to stand in thy affairs  fall by thy side ,fall|stand,2,"('stand', 'fall')","['icy', 'clean', 'strong', 'rough', 'weak', 'bright', 'smooth', 'cold', 'warm', 'soft']"
273,2263,    no want of conscience hold it that i call,call|conscience,2,"('conscience', 'call')","['bitter', 'heated', 'clear', 'strong', 'shallow', 'rough', 'brilliant', 'bright', 'weak', 'solid']"
274,2264,    her  love   for whose dear love i rise and fall ,love|rise|fall,3,,
275,2267,but thou art twice forsworn  to me love swearing ,art|love,2,"('art', 'love')","['murky', 'rough', 'heavy', 'bright', 'strong', 'smooth', 'fat', 'icy', 'weak', 'mad']"
276,2268,in act thy bed vow broke  and new faith torn ,bed|faith,2,"('bed', 'faith')","['cold', 'clear', 'warm', 'brilliant', 'strong', 'shallow', 'clean', 'weak', 'rough', 'bitter']"
277,2275,oaths of thy love  thy truth  thy constancy ,love|truth,2,"('love', 'truth')","['bitter', 'brilliant', 'deep', 'cold', 'heavy', 'weak', 'strong', 'clear', 'clean', 'soft']"
278,2279,    to swear against the truth so foul a lie ,truth|lie,2,"('truth', 'lie')","['murky', 'solid', 'soft', 'rough', 'bright', 'weak', 'clear', 'bitter', 'brilliant', 'strong']"
279,2283,and his love kindling fire did quickly steep,love|fire,2,"('love', 'fire')","['bitter', 'clear', 'heavy', 'strong', 'heated', 'solid', 'brilliant', 'weak', 'clean', 'bright']"
280,2284,in a cold valley fountain of that ground ,fountain|cold|ground|valley,4,,
281,2285,which borrow d from this holy fire of love ,love|fire,2,"('fire', 'love')","['cold', 'murky', 'warm', 'rough', 'shallow', 'soft', 'bright', 'brilliant', 'icy', 'strong']"
282,2289,but at my mistress  eye love s brand new fired ,love|eye,2,"('eye', 'love')","['icy', 'mad', 'rough', 'sweet', 'smooth', 'soft', 'brilliant', 'weak', 'bright', 'clear']"
283,2290,the boy for trial needs would touch my breast ,touch|breast|trial|boy,4,,
284,2305,which from love s fire took heat perpetual ,love|fire,2,"('love', 'fire')","['bitter', 'clear', 'heavy', 'strong', 'heated', 'solid', 'brilliant', 'weak', 'clean', 'bright']"
285,2309,    love s fire heats water  water cools not love ,love|water|fire,3,,
